gen,max fit,avg fit,med fit
0,0.4180223,0.30600223,0.0