Max Fitness,Generation Number
0.0,0
1.2237458,1
2.8933933,2
1.2719471,3