gen,max fit,avg fit,med fit
0,0.24848548,0.31800655,0.11931508034467697
1,0.26830432,0.54294306,0.637397825717926