Max Fitness,Average Fitness,Generation Number
1129009.0,0.65313154,0
1207756.4,0.6768668,1
1110551.5,0.7249658,2
1148678.8,0.74069506,3
1135612.0,0.72164065,4