gen,max fit,avg fit,med fit
0,0.14239189,0.32888317,0.10022848099470139