gen,max fit,avg fit,med fit
0,0.19359043,0.4921307,0.0