Max Fitness,Average Fitness,Generation Number
37.309647,0.7751265,0
26.649746,0.49341285,1
33.491283,0.5453816,2
33.502537,0.6499656,3
38.059814,0.7196109,4
37.309647,0.5216081,5