Max Fitness,Generation Number
0.0,0
1.4972101,1
3.4443507,2
3.720398,3
0.94765425,4
3.9493518,5
3.0409837,6
1.1343818,7
0.87071353,8
0.50094473,9
0.43811873,10