Max Fitness,Average Fitness,Generation Number
3.96007E-7,0.020014806,0
1.388238E-10,0.02,1
4.179187E-7,0.037152063,2