gen,max fit,avg fit,med fit
0,0.21895032,0.6568717,0.0
1,0.86344147,0.29656038,0.0