Max Fitness,Average Fitness,Generation Number
13.139589,0.020076735,0
3.5535142,0.024499075,1
209.31857,0.0211602,2