gen,max fit,avg fit,med fit
0,0.17145179,0.4300428,0.24801005423069